n,capacity,time_complexity_ops,memory_1d_dp_mb,memory_2d_dp_mb
100,1803,180300,0.014424,1.4424
1000,17544,17544000,0.140352,140.352
10000,176029,1760290000,1.408232,14082.32
